1,1
thanhduc327@gmail.com,1234
minhhai789@gmail.com,123
thangnguyen610@gmail.com,123
ngoclan902@gmail.com,123
17120002,123
17120003,123
17120004,123
17120005,123
17120006,123
17120005,123
17120006,123
17120007,123
17120008,123
17120009,123
17120010,123
17120011,123
17120012,123
17120013,123
17120014,123
17120015,123
17120016,123
17120017,123
17120018,123
17120019,123
17120020,123
17120021,123
17120022,123
17120023,123
17120024,123
17120025,123
17120026,123
17120027,123
17120028,123
17120029,123
17120030,123
17125004,123
17125005,123
17125006,123
17125007,123
17125008,123
17125009,123
17125010,123
17125011,123
17125012,123
17125013,123
17125014,123
17125015,123
17125016,123
17125017,123
17125018,123
17125019,123
17125020,123
17125021,123
17125022,123
17125023,123
17125024,123
17125025,123
17125026,123
17125027,123
17127002,123
17127003,123
17127004,123
17127005,123
17127006,123
17127007,123
17127008,123
17127009,123
17127010,123
17127011,123
17127012,123
17127013,123
17127014,123
17127015,123
17127016,123
17127017,123
17127018,123
17127019,123
17127020,123
17127021,123
17127022,123
17127023,123
17127024,123
17127025,123
17127026,123
17127027,123
17127028,123
17127029,123
17126001,123
17126002,123
17126003,123
17126004,123
17126005,123
17126006,123
17126005,123
17126006,123
17126007,123
17126008,123
17126009,123
17126010,123
17126011,123
17126012,123
17126013,123
17126014,123
17126015,123
17126016,123
17126017,123
17126018,123
17126019,123
17126020,123
17126021,123
17126022,123
17126023,123
17126024,123
17126025,123
17126026,123
17126027,123
17126028,123
17126029,123
17126030,123
18120001,123
18120002,123
18120003,123
18120004,123
18120005,123
18120006,123
18120007,123
18120008,123
18120009,123
18120010,123
18120011,123
18120012,123
18120013,123
18120014,123
18120015,123
18120016,123
18120017,123
18120018,123
18120019,123
18120020,123
18120021,123
18120022,123
18120023,123
18120024,123
18120025,123
18120026,123
18120027,123
18120028,123
18120029,123
18120030,123
18125004,123
18125005,123
18125006,123
18125007,123
18125008,123
18125009,123
18125010,123
18125011,123
18125012,123
18125013,123
18125014,123
18125015,123
18125016,123
18125017,123
18125018,123
18125019,123
18125020,123
18125021,123
18125022,123
18125023,123
18125024,123
18125025,123
18125026,123
18125027,123
18125028,123
18125029,123
18125030,123
18126001,123
18126002,123
18126003,123
18126004,123
18126005,123
18126006,123
18126007,123
18126008,123
18126009,123
18126010,123
18126011,123
18126012,123
18126013,123
18126014,123
18126015,123
18126016,123
18126017,123
18126018,123
18126019,123
18126020,123
18126021,123
18126022,123
18126023,123
18126024,123
18126025,123
18126026,123
18126027,123
18126028,123
18126029,123
18126030,123
18127004,123
18127005,123
18127006,123
18127007,123
18127008,123
18127009,123
18127010,123
18127011,123
18127012,123
18127013,123
18127014,123
18127015,123
18127016,123
18127017,123
18127018,123
18127019,123
18127020,123
18127021,123
18127022,123
18127023,123
18127024,123
18127025,123
18127026,123
18127027,123
18127028,123
18127029,123
18127030,123
19120004,123
19120005,123
19120006,123
19120007,123
19120008,123
19120009,123
19120010,123
19120011,123
19120012,123
19120013,123
19120014,123
19120015,123
19120016,123
19120017,123
19120018,123
19120019,123
19120020,123
19120021,123
19120022,123
19120023,123
19120024,123
19120025,123
19120026,123
19120027,123
19120028,123
19120029,123
19125001,123
19125002,123
19125003,123
19125004,123
19125005,123
19125006,123
19125007,123
19125008,123
19125009,123
19125010,123
19125011,123
19125012,123
19125013,123
19125014,123
19125015,123
19125016,123
19125017,123
19125018,123
19125019,123
19125020,123
19125021,123
19125022,123
19125023,123
19125024,123
19125025,123
19125026,123
19125027,123
19125028,123
19125029,123
19125030,123
19126003,123
19126004,123
19126005,123
19126006,123
19126007,123
19126008,123
19126009,123
19126010,123
19126011,123
19126012,123
19126013,123
19126014,123
19126015,123
19126016,123
19126017,123
19126018,123
19126019,123
19126020,123
19126021,123
19126022,123
19126023,123
19126024,123
19126025,123
19126026,123
19126027,123
19126028,123
19126029,123
19127000,123
19127001,123
19127002,123
19127003,123
19127004,123
19127005,123
19127006,123
19127007,123
19127008,123
19127009,123
19127010,123
19127011,123
19127012,123
19127013,123
19127014,123
19127015,123
19127016,123
19127017,123
19127018,123
19127019,123
19127020,123
19127021,123
19127022,123
19127023,123
19127024,123
19127025,123
19127026,123
19127027,123
19127028,123
19127029,123
20127003,123
20127004,123
20127005,123
20127006,123
20127007,123
20127008,123
20127009,123
20127010,123
20127011,123
20127012,123
20127013,123
20127014,123
20127015,123
20127016,123
20127017,123
20127018,123
20127019,123
20127020,123
20127021,123
20127022,123
20127023,123
20127024,123
20127025,123
20127026,123
20127027,123
20127028,123
20127029,123
20126000,123
20126001,123
20126002,123
20126003,123
20126004,123
20126005,123
20126006,123
20126007,123
20126008,123
20126009,123
20126010,123
20126011,123
20126012,123
20126013,123
20126014,123
20126015,123
20126016,123
20126017,123
20126018,123
20126019,123
20126020,123
20126021,123
20126022,123
20126023,123
20126024,123
20120000,123
20120001,123
20120002,123
20120003,123
20120004,123
20120005,123
20120006,123
20120007,123
20120008,123
20120009,123
20120010,123
20120011,123
20120012,123
20120013,123
20120014,123
20120015,123
20120016,123
20120017,123
20120018,123
20120019,123
20120020,123
20120021,123
20120022,123
20120023,123
20120024,123
20120025,123
20120026,123
20120027,123
20120028,123
20120029,123
20125000,123
20125001,123
20125002,123
20125003,123
20125004,123
20125005,123
20125006,123
20125007,123
20125008,123
20125009,123
20125010,123
20125011,123
20125012,123
20125013,123
20125014,123
20125015,123
20125016,123
20125017,123
20125018,123
20125019,123
20125020,123
20125021,123
20125022,123
20125023,123
20125024,123
21120001,123
21120002,123
21120003,123
21120004,123
21120005,123
21120006,123
21120007,123
21120008,123
21120009,123
21120010,123
21120011,123
21120012,123
21120013,123
21120014,123
21120015,123
21120016,123
21120017,123
21120018,123
21120019,123
21120020,123
21120021,123
21120022,123
21120023,123
21120024,123
21125001,123
21125002,123
21125003,123
21125004,123
21125005,123
21125006,123
21125007,123
21125008,123
21125009,123
21125010,123
21125011,123
21125012,123
21125013,123
21125014,123
21125015,123
21125016,123
21125017,123
21125018,123
21125019,123
21125020,123
21125021,123
21125022,123
21125023,123
21125024,123
21126001,123
21126002,123
21126003,123
21126004,123
21126005,123
21126006,123
21126007,123
21126008,123
21126009,123
21126010,123
21126011,123
21126012,123
21126013,123
21126014,123
21126015,123
21126016,123
21126017,123
21126018,123
21126019,123
21126020,123
21126021,123
21126022,123
21126023,123
21126024,123
21127001,123
21127002,123
21127003,123
21127004,123
21127005,123
21127006,123
21127007,123
21127008,123
21127009,123
21127010,123
21127011,123
21127012,123
21127013,123
21127014,123
21127015,123
21127016,123
21127017,123
21127018,123
21127019,123
21127020,123
21127021,123
21127022,123
21127023,123
21127024,123
22120001,1224
22120002,123
22120003,123
22120004,123
22120005,123
22120006,123
22120007,123
22120008,123
22120009,123
22120010,124
22120011,123
22120012,123
22120013,123
22120014,123
22120015,123
22120016,123
22120017,123
22120018,123
22120019,123
22120020,123
22120021,123
22120022,123
22120023,123
22120024,123
22120025,123
22120026,123
22120027,123
22120028,123
22120029,123
22120030,123
22125001,123
22125002,123
22125003,123
22125004,123
22125005,123
22125006,123
22125007,123
22125008,123
22125009,123
22125010,123
22125011,123
22125012,123
22125013,123
22125014,123
22125015,123
22125016,123
22125017,123
22125018,123
22125019,123
22125020,123
22125021,123
22125022,123
22125023,123
22125024,123
22125025,123
22125026,123
22125027,123
22125028,123
22125029,123
22125030,123
22126001,123
22126002,123
22126003,123
22126004,123
22126005,123
22126006,123
22126007,123
22126008,123
22126009,123
22126010,123
22126011,123
22126012,123
22126013,123
22126014,123
22126015,123
22126016,123
22126017,123
22126018,123
22126019,123
22126020,123
22126021,123
22126022,123
22126023,123
22126024,123
22126025,123
22126026,123
22126027,123
22126028,123
22126029,123
22126030,123
22127001,123
22127002,123
22127003,123
22127004,123
22127005,123
22127006,123
22127007,123
22127008,123
22127009,123
22127010,123
22127011,123
22127012,123
22127013,123
22127014,123
22127015,123
22127016,123
22127017,123
22127018,123
22127019,123
22127020,123
22127021,123
22127022,123
22127023,123
22127024,123
22127025,123
22127026,123
22127027,123
22127028,123
22127029,123
22127030,123
21120070,124
22120070,123
22120089,123
22120081,123
21120099,123